repeat,t_init,t_init_top,t_init_traj,t_io,t_io/frame,t_rmsd,t_rmsd/frame,t_close_traj,total_time
3,917.5963411,2.376531124,915.2150631,703.5505862,0.007808553,11.34948325,0.000125965,0.000239611,1632.49665
