repeat,t_init,t_init_top,t_init_traj,t_io,t_io/frame,t_rmsd,t_rmsd/frame,t_close_traj,total_time
2,2.276324511,2.130792856,0.139432669,503.2815962,0.005585811,13.94383669,0.00015476,0.000482082,519.5022395
