repeat,t_init,t_init_top,t_init_traj,t_io,t_io/frame,t_rmsd,t_rmsd/frame,t_close_traj,total_time
3,2.766155243,2.555896759,0.204643726,449.2156281,0.004985745,13.47164345,0.000149519,0.000838518,465.4542654
