repeat,t_init,t_init_top,t_init_traj,t_io,t_io/frame,t_rmsd,t_rmsd/frame,t_close_traj,total_time
3,3.1472404,2.500322342,0.640961409,4615.693332,0.051228561,13.8915832,0.00015418,0.000732422,4632.732888
