repeat,t_init,t_init_top,t_init_traj,t_io,t_io/frame,t_rmsd,t_rmsd/frame,t_close_traj,total_time
5,2.695902586,2.352036476,0.341244936,251.9330728,0.00279615,13.8363874,0.000153567,0.000237226,268.4656
